{
	"IcoMoonType": "selection",
	"icons": [
		{
			"icon": {
				"paths": [
					"M19.348 70.84h175.718v175.718h-175.718v-175.718z",
					"M282.915 70.84h702.872v175.718h-702.872v-175.718z",
					"M19.348 422.276h175.718v175.679h-175.718v-175.679z",
					"M282.915 422.276h702.872v175.679h-702.872v-175.679z",
					"M19.348 773.673h175.718v175.718h-175.718v-175.718z",
					"M282.915 773.673h702.872v175.718h-702.872v-175.718z"
				],
				"attrs": [
					{
						"opacity": 1,
						"visibility": false
					},
					{
						"opacity": 1,
						"visibility": false
					},
					{
						"opacity": 1,
						"visibility": false
					},
					{
						"opacity": 1,
						"visibility": false
					},
					{
						"opacity": 1,
						"visibility": false
					},
					{
						"opacity": 1,
						"visibility": false
					}
				],
				"width": 1005,
				"grid": 0,
				"tags": [
					"icono-3"
				]
			},
			"attrs": [
				{
					"opacity": 1,
					"visibility": false
				},
				{
					"opacity": 1,
					"visibility": false
				},
				{
					"opacity": 1,
					"visibility": false
				},
				{
					"opacity": 1,
					"visibility": false
				},
				{
					"opacity": 1,
					"visibility": false
				},
				{
					"opacity": 1,
					"visibility": false
				}
			],
			"properties": {
				"order": 42,
				"id": 23,
				"prevSize": 32,
				"code": 58880,
				"name": "list-miniaturas"
			},
			"setIdx": 0,
			"iconIdx": 0
		},
		{
			"icon": {
				"paths": [
					"M369.74 10.998h265.713v263.857h-265.713v-263.857z",
					"M720.132 10.998h265.655v263.857h-265.655v-263.857z",
					"M19.329 10.998h265.674v263.857h-265.674v-263.857z",
					"M369.74 380.062h265.713v263.857h-265.713v-263.857z",
					"M720.132 380.062h265.655v263.857h-265.655v-263.857z",
					"M19.329 380.062h265.674v263.857h-265.674v-263.857z",
					"M369.74 749.241h265.713v263.761h-265.713v-263.761z",
					"M720.132 749.241h265.655v263.761h-265.655v-263.761z",
					"M19.329 749.241h265.674v263.761h-265.674v-263.761z"
				],
				"attrs": [
					{
						"opacity": 1,
						"visibility": false
					},
					{
						"opacity": 1,
						"visibility": false
					},
					{
						"opacity": 1,
						"visibility": false
					},
					{
						"opacity": 1,
						"visibility": false
					},
					{
						"opacity": 1,
						"visibility": false
					},
					{
						"opacity": 1,
						"visibility": false
					},
					{
						"opacity": 1,
						"visibility": false
					},
					{
						"opacity": 1,
						"visibility": false
					},
					{
						"opacity": 1,
						"visibility": false
					}
				],
				"width": 1005,
				"grid": 0,
				"tags": [
					"icono-3"
				]
			},
			"attrs": [
				{
					"opacity": 1,
					"visibility": false
				},
				{
					"opacity": 1,
					"visibility": false
				},
				{
					"opacity": 1,
					"visibility": false
				},
				{
					"opacity": 1,
					"visibility": false
				},
				{
					"opacity": 1,
					"visibility": false
				},
				{
					"opacity": 1,
					"visibility": false
				},
				{
					"opacity": 1,
					"visibility": false
				},
				{
					"opacity": 1,
					"visibility": false
				},
				{
					"opacity": 1,
					"visibility": false
				}
			],
			"properties": {
				"order": 43,
				"id": 22,
				"prevSize": 32,
				"code": 58901,
				"name": "miniaturas"
			},
			"setIdx": 0,
			"iconIdx": 1
		},
		{
			"icon": {
				"paths": [
					"M694.518 137.462v159.334l137.482-19.866v-139.469c0-75.612-61.87-137.462-137.482-137.462v0h-554.23c-75.612 0-137.482 61.85-137.482 137.462v554.25c0 75.592 61.87 137.482 137.482 137.482h130.191l-4.874-137.482c0 0-151.368-4.28-125.317 0v-554.25h554.23z",
					"M883.712 332.268v554.25h-554.209v-554.25h554.209zM883.712 194.765h-554.209c-75.612 0-137.482 61.87-137.482 137.482v554.25c0 75.633 61.87 137.482 137.482 137.482h554.209c75.612 0 137.482-61.85 137.482-137.482v-554.23c0-75.633-61.829-137.503-137.482-137.503v0z"
				],
				"attrs": [
					{
						"opacity": 1,
						"visibility": false
					},
					{
						"opacity": 1,
						"visibility": false
					}
				],
				"grid": 0,
				"tags": [
					"icono-2"
				]
			},
			"attrs": [
				{
					"opacity": 1,
					"visibility": false
				},
				{
					"opacity": 1,
					"visibility": false
				}
			],
			"properties": {
				"order": 28,
				"id": 19,
				"prevSize": 32,
				"code": 58881,
				"name": "desplegable"
			},
			"setIdx": 0,
			"iconIdx": 2
		},
		{
			"icon": {
				"paths": [
					"M1102.909 367.473h-632.73l138.383-138.793c53.76-53.924 53.658-141.23-0.287-195.011s-141.251-53.658-194.99 0.287l-373.023 374.108c-53.699 53.801-53.699 140.902 0 194.703l373.023 374.108c26.931 27.034 62.28 40.53 97.649 40.53 35.205 0 70.451-13.394 97.362-40.223 53.944-53.76 54.067-141.107 0.287-195.011l-138.486-138.854h632.812c76.165 0 137.892-61.788 137.892-137.892 0-76.206-61.747-137.953-137.892-137.953z"
				],
				"attrs": [
					{
						"opacity": 1,
						"visibility": false
					}
				],
				"width": 1241,
				"grid": 0,
				"tags": [
					"icono-3"
				]
			},
			"attrs": [
				{
					"opacity": 1,
					"visibility": false
				}
			],
			"properties": {
				"order": 29,
				"id": 20,
				"prevSize": 32,
				"code": 58882,
				"name": "atras"
			},
			"setIdx": 0,
			"iconIdx": 3
		},
		{
			"icon": {
				"paths": [
					"M165.562 995.594l146.35-146.336c178.786 115.606 420.59 95.236 577.078-61.254 180.030-180.058 180.018-472.964 0-652.98s-472.922-180.032-652.966 0c-156.502 156.488-176.888 398.292-61.266 577.066l-146.364 146.364c-37.876 37.876-37.848 99.278 0 137.14 37.876 37.876 99.278 37.876 137.168 0zM359.448 258.446c111.96-111.958 294.134-111.958 406.12 0 111.932 111.958 111.932 294.134-0.028 406.12-111.96 111.944-294.134 111.944-406.094-0.028-111.944-111.944-111.944-294.12 0-406.094z"
				],
				"attrs": [
					{}
				],
				"defaultCode": 58880,
				"grid": 0
			},
			"attrs": [
				{}
			],
			"properties": {
				"id": 0,
				"order": 30,
				"prevSize": 32,
				"code": 58883,
				"name": "search"
			},
			"setIdx": 0,
			"iconIdx": 4
		},
		{
			"icon": {
				"paths": [
					"M767.638 960.020c0 35.182-28.784 63.98-63.966 63.98h-639.704c-35.182 0-63.966-28.784-63.966-63.98v-476.212c0-35.182 28.784-63.98 63.966-63.98h639.704c35.182 0 63.966 28.784 63.966 63.98v476.212zM463.084 789.93h-158.522c-129.336 0-234.552-105.23-234.552-234.552v-320.812c-0.012-129.336 105.216-234.564 234.552-234.564h158.534c129.324 0 234.54 105.228 234.54 234.564v320.812c0 129.324-105.216 234.552-234.552 234.552zM304.564 106.62c-70.54 0-127.934 57.392-127.934 127.946v320.812c0 70.54 57.392 127.934 127.934 127.934h158.532c70.54 0 127.934-57.392 127.934-127.934v-320.812c0-70.552-57.392-127.946-127.934-127.946h-158.534z"
				],
				"attrs": [
					{}
				],
				"width": 768,
				"defaultCode": 58881,
				"grid": 0
			},
			"attrs": [
				{}
			],
			"properties": {
				"id": 1,
				"order": 31,
				"prevSize": 32,
				"code": 58884,
				"name": "lock"
			},
			"setIdx": 0,
			"iconIdx": 5
		},
		{
			"icon": {
				"paths": [
					"M676.872 268.348c0 148.204-120.144 268.348-268.348 268.348s-268.348-120.144-268.348-268.348c0-148.204 120.144-268.348 268.348-268.348s268.348 120.144 268.348 268.348zM817.062 1024h-817.062v-274.258c0-133.848 109.514-243.362 243.362-243.362h330.336c133.848 0 243.364 109.512 243.364 243.362v274.258z"
				],
				"attrs": [
					{}
				],
				"width": 818,
				"defaultCode": 58882,
				"grid": 0
			},
			"attrs": [
				{}
			],
			"properties": {
				"id": 2,
				"order": 32,
				"prevSize": 32,
				"code": 58885,
				"name": "user"
			},
			"setIdx": 0,
			"iconIdx": 6
		},
		{
			"icon": {
				"paths": [
					"M1057.818 1024h-973.996c-46.288 0-83.82-37.532-83.82-83.836v-856.346c0-46.288 37.532-83.82 83.82-83.82h610.384c46.288 0 83.82 37.532 83.82 83.82 0 46.302-37.532 83.836-83.82 83.836h-526.566v688.722h806.356v-136.314c0-46.302 37.532-83.836 83.82-83.836s83.82 37.532 83.82 83.836v220.134c0 46.274-37.532 83.804-83.82 83.804zM1210.952 318.37l-263.282-240.492c-15.714-14.358-28.568-8.682-28.568 12.604v104.090c-543.104 38.46-576.464 497.126-576.464 497.126s239.46-310.66 576.464-202.798v109.514c0 21.272 12.856 26.948 28.568 12.59l263.282-240.462c15.714-14.342 15.714-37.826 0-52.17z"
				],
				"attrs": [
					{}
				],
				"width": 1224,
				"defaultCode": 58883,
				"grid": 0
			},
			"attrs": [
				{}
			],
			"properties": {
				"id": 3,
				"order": 33,
				"prevSize": 32,
				"code": 58886,
				"name": "share"
			},
			"setIdx": 0,
			"iconIdx": 7
		},
		{
			"icon": {
				"paths": [
					"M200.738 85.962v-72.4c0-14.058-8.488-17.812-18.884-8.318l-174.064 158.952c-10.382 9.496-10.382 25.014 0 34.51l174.064 158.984c10.382 9.48 18.884 5.74 18.884-8.332v-263.394zM1343.316 938.024v72.4c0 14.074 8.488 17.814 18.884 8.318l174.048-158.952c10.396-9.48 10.396-25.014 0-34.51l-174.048-158.966c-10.396-9.496-18.884-5.74-18.884 8.318v263.394zM326.532 121.79h-251.088c-32.972 0-59.676 26.72-59.676 59.678s26.72 59.692 59.676 59.692h251.088c149.392 0 224.060 67.62 306.296 184.554l69.886-106.474c-92.154-121.014-191.366-197.448-376.184-197.448zM1426.174 782.856h-254.828c-161.076 0-235.558-112.742-333.498-265.658l-68.428 113.86c95.908 145.406 199.606 271.152 401.926 271.152h254.828c32.958 0 59.676-26.72 59.676-59.678s-26.72-59.678-59.676-59.678zM1343.316 276.972v72.384c0 14.074 8.488 17.828 18.884 8.332l174.048-158.966c10.396-9.48 10.396-24.998 0-34.494l-174.048-158.982c-10.396-9.48-18.884-5.74-18.884 8.318v263.408zM200.738 747.044v-72.4c0-14.058-8.488-17.812-18.884-8.318l-174.064 158.952c-10.382 9.48-10.382 25.014 0 34.51l174.064 158.952c10.382 9.496 18.884 5.758 18.884-8.318v-263.378zM314.46 902.21h-214.098v-119.338h100.236c23.586 0 113.844 0 113.844 0 136.81 0 213.57-79.46 293.060-207.658 15.392-24.858 30.164-50.164 45.788-76.978 9.852-16.914 19.736-33.872 29.792-50.708 25.65-42.934 56.946-93.068 94.698-139.448 103.418-127.096 224.634-186.292 381.46-186.292h287.942c32.958 0 59.676 26.72 59.676 59.678s-26.72 59.692-59.676 59.692h-287.91c-119.726 0-208.836 43.866-288.886 142.256-32.942 40.466-61.352 86.070-84.798 125.326-9.838 16.48-19.52 33.066-29.156 49.592-15.346 26.332-31.22 53.548-47.48 79.77-85.046 137.166-191.706 264.108-394.492 264.108z"
				],
				"attrs": [
					{}
				],
				"width": 1544,
				"defaultCode": 58884,
				"grid": 0
			},
			"attrs": [
				{}
			],
			"properties": {
				"id": 4,
				"order": 34,
				"prevSize": 32,
				"code": 58887,
				"name": "random"
			},
			"setIdx": 0,
			"iconIdx": 8
		},
		{
			"icon": {
				"paths": [
					"M1190.384 341.678c-1.324-188.698-152.952-341.678-341.636-341.678-100.542 0-194.672 58.312-257.19 127.478-62.546-69.166-149.226-127.478-249.756-127.478-188.712 0-347.154 153.088-341.664 341.678 12.592 433.572 564.086 680.46 595.144 682.308 29.68 1.738 597.818-300.688 595.102-682.308z"
				],
				"attrs": [
					{}
				],
				"width": 1190,
				"defaultCode": 58885,
				"grid": 0
			},
			"attrs": [
				{}
			],
			"properties": {
				"id": 5,
				"order": 35,
				"prevSize": 32,
				"code": 58888,
				"name": "love"
			},
			"setIdx": 0,
			"iconIdx": 9
		},
		{
			"icon": {
				"paths": [
					"M766.672 458.944h-201.626v-201.626h-106.112v201.626h-201.604v106.112h201.604v201.614h106.112v-201.614h201.626zM511.988 1024c-282.322 0-511.988-229.678-511.988-511.99 0-282.322 229.668-512.010 511.988-512.010s512.010 229.69 512.010 512.010c0 282.31-229.69 511.99-512.010 511.99zM511.988 127.978c-211.746 0-384.022 172.274-384.022 384.034s172.264 384.010 384.022 384.010c211.758 0 384.032-172.264 384.032-384.010 0-211.758-172.274-384.034-384.034-384.034z"
				],
				"attrs": [
					{}
				],
				"defaultCode": 58886,
				"grid": 0
			},
			"attrs": [
				{}
			],
			"properties": {
				"id": 6,
				"order": 36,
				"prevSize": 32,
				"code": 58889,
				"name": "add"
			},
			"setIdx": 0,
			"iconIdx": 10
		},
		{
			"icon": {
				"paths": [
					"M598.956 11.428l-314.88 246.954c-12.33 9.674-23.528 24.25-32.43 40.48h-186.060c-36.070 0-65.582 29.496-65.582 65.582v295.124c0 36.054 29.512 65.582 65.582 65.582h186.076c8.902 16.232 20.102 30.808 32.432 40.48l314.88 246.954c28.38 22.25 51.598 10.952 51.598-25.102v-950.956c0-36.086-23.216-47.366-51.614-25.102z"
				],
				"attrs": [
					{}
				],
				"width": 652,
				"defaultCode": 58887,
				"grid": 0
			},
			"attrs": [
				{}
			],
			"properties": {
				"id": 7,
				"order": 37,
				"prevSize": 32,
				"code": 58890,
				"name": "mute"
			},
			"setIdx": 0,
			"iconIdx": 11
		},
		{
			"icon": {
				"paths": [
					"M472.952 116.726l-248.64 195.002c-9.736 7.64-18.578 19.148-25.608 31.964h-146.918c-28.484 0-51.786 23.292-51.786 51.786v233.038c0 28.47 23.304 51.786 51.786 51.786h146.932c7.030 12.818 15.872 24.326 25.608 31.966l248.64 195.002c22.412 17.568 40.744 8.648 40.744-19.822v-750.904c0-28.496-18.332-37.404-40.756-19.822zM637.674 832.092c-28.6 0-51.786-23.188-51.786-51.786s23.188-51.786 51.786-51.786c119.408 0 216.544-97.126 216.544-216.532 0-119.408-97.138-216.532-216.544-216.532-28.6 0-51.786-23.188-51.786-51.786s23.188-51.786 51.786-51.786c176.514 0 320.118 143.604 320.118 320.106s-143.604 320.106-320.118 320.106zM637.674 1024c-28.6 0-51.786-23.188-51.786-51.786s23.188-51.786 51.786-51.786c225.206 0 408.426-183.222 408.426-408.428s-183.234-408.428-408.428-408.428c-28.6 0-51.786-23.188-51.786-51.786s23.188-51.786 51.786-51.786c282.326 0 512 229.674 512 512s-229.674 512-512 512z"
				],
				"attrs": [
					{}
				],
				"width": 1150,
				"defaultCode": 58888,
				"grid": 0
			},
			"attrs": [
				{}
			],
			"properties": {
				"id": 8,
				"order": 38,
				"prevSize": 32,
				"code": 58891,
				"name": "volume"
			},
			"setIdx": 0,
			"iconIdx": 12
		},
		{
			"icon": {
				"paths": [
					"M0 0l886.826 511.978-886.826 512.022z"
				],
				"attrs": [
					{}
				],
				"width": 888,
				"defaultCode": 58889,
				"grid": 0
			},
			"attrs": [
				{}
			],
			"properties": {
				"id": 9,
				"order": 39,
				"prevSize": 32,
				"code": 58892,
				"name": "play"
			},
			"setIdx": 0,
			"iconIdx": 13
		},
		{
			"icon": {
				"paths": [
					"M0 0l886.826 511.978-886.826 512.022zM631.52 0l886.804 511.978-886.804 512.022z"
				],
				"attrs": [
					{}
				],
				"width": 1518,
				"defaultCode": 58890,
				"grid": 0
			},
			"attrs": [
				{}
			],
			"properties": {
				"id": 10,
				"order": 40,
				"prevSize": 32,
				"code": 58893,
				"name": "next"
			},
			"setIdx": 0,
			"iconIdx": 14
		},
		{
			"icon": {
				"paths": [
					"M1518.302 1024l-886.804-511.978 886.804-512.022zM886.826 1024l-886.826-511.978 886.826-512.022z"
				],
				"attrs": [
					{}
				],
				"width": 1518,
				"defaultCode": 58891,
				"grid": 0
			},
			"attrs": [
				{}
			],
			"properties": {
				"id": 11,
				"order": 41,
				"prevSize": 32,
				"code": 58894,
				"name": "prev"
			},
			"setIdx": 0,
			"iconIdx": 15
		},
		{
			"icon": {
				"paths": [
					"M10.96 10.96h1002.078v1002.078h-1002.078v-1002.078z"
				],
				"attrs": [
					{}
				],
				"defaultCode": 58892,
				"grid": 0
			},
			"attrs": [
				{}
			],
			"properties": {
				"id": 12,
				"order": 44,
				"prevSize": 32,
				"code": 58895,
				"name": "stop"
			},
			"setIdx": 0,
			"iconIdx": 16
		},
		{
			"icon": {
				"paths": [
					"M189.684 788.48c-62.86 0-143.848-20.216-189.684-46.868l25.596-102.284c40.456 23.434 114.026 44.73 168.362 44.73 38.368 0 66.052-14.884 66.052-43.674 0-36.206-22.402-47.924-109.728-82.044-82.070-31.958-135.372-60.722-135.372-151.314 0-103.366 84.206-159.838 193.958-159.838 61.802 0 126.8 19.21 163.032 39.424l-25.572 101.252c-27.708-13.878-85.236-29.87-128.912-29.87-47.974 0-70.326 14.96-70.326 42.644 0 27.682 35.152 40.48 95.898 62.858 94.816 35.152 148.122 82.068 148.122 165.144-0.024 105.504-94.842 159.838-201.426 159.838zM417.712 262.122h73.546v-43.676c0-169.468 110.808-218.448 203.512-218.448 19.184 0 46.868 2.112 58.61 6.386l-14.934 103.366h-12.774c-90.568 0-104.422 46.868-104.422 111.838v40.506h105.504v100.146h-105.504v411.3h-129.992v-411.274h-73.546v-100.146zM1354.362 262.122v0l62.91-126.8h66.052v126.8h138.54v99.090h-138.54v264.26c0 29.846 12.798 51.142 40.48 51.142 30.902 0 69.246-11.716 90.594-19.21l14.884 95.924c-27.658 18.078-82.020 35.126-128.886 35.126-90.594 0-146.010-42.592-146.010-152.37v-274.87h-0.026v-99.092zM1693.272 86.318c0-45.812 36.208-82.044 83.1-82.044 47.924 0 86.318 36.206 86.318 82.044 0 44.73-38.368 80.988-86.318 80.988-46.894-0.026-83.1-36.258-83.1-80.988zM1711.326 273.838l130.044-26.626v526.382h-130.044v-499.754zM2082.17 764.014v245.050h-130.018v-740.556l130.018-21.322v61.802c38.344-42.594 90.592-61.802 142.792-61.802 123.63 0 207.812 98.010 207.812 263.204 0 169.444-91.648 278.114-248.294 278.114-38.37-0.024-75.682-11.716-102.31-24.49zM2082.17 651.044c22.402 14.934 57.554 29.87 96.954 29.87 72.464 0 120.388-53.304 120.388-160.894 0-82.068-26.626-158.758-104.396-158.758-44.756 0-83.1 23.46-112.946 60.722v229.060zM2742.818 832.204c-37.262 101.228-88.454 191.796-209.95 191.796-30.902 0-71.358-5.33-100.122-20.24l21.298-93.76c17.072 7.442 49.030 12.748 66.078 12.748 60.746 0 92.73-64.972 128.962-169.368l-202.482-491.23h138.542l124.638 320.732 109.778-320.732h133.212l-209.95 570.058zM3021.084 282.69h-56.448v-16.644h132.784v16.644h-56.472v149.956h-19.862v-149.956zM3124.776 266.046h23.912l58.936 135.776 59.414-135.776h22.152v166.602h-19.914v-126.096l-55.97 126.096h-12.42l-56.196-127.1v127.1h-19.914v-166.602zM1007.404 223.326c-155.588 0-281.658 126.096-281.658 281.684s126.096 281.658 281.658 281.658c155.614 0 281.734-126.096 281.734-281.658 0-155.614-126.122-281.684-281.734-281.684zM891.518 508.178c0-45.436 0-90.87 0.050-136.304 0-11.968 4.878-15.866 16.444-12.246 4.726 1.484 8.976 4.324 13.402 6.788 75.23 41.664 75.078 41.864 150.408 83.452 6.888 3.772 87.022 49.86 87.022 58.258 0 8.324-4.778 12.874-11.642 16.67-74.526 41.134-148.902 82.446-223.326 123.682-5.732 3.192-11.466 6.89-17.702 8.624-10.408 2.842-14.634-0.93-14.634-11.642-0.050-45.788-0.024-91.524-0.024-137.284z"
				],
				"attrs": [
					{}
				],
				"width": 3290,
				"defaultCode": 58893,
				"grid": 0
			},
			"attrs": [
				{}
			],
			"properties": {
				"id": 13,
				"order": 45,
				"prevSize": 32,
				"code": 58896,
				"name": "sfotipy"
			},
			"setIdx": 0,
			"iconIdx": 17
		},
		{
			"icon": {
				"paths": [
					"M1146.476 171.71c0 23.794-19.468 43.262-43.262 43.262h-1059.952c-23.794 0-43.262-19.468-43.262-43.262v-128.446c0-23.794 19.468-43.262 43.262-43.262h1059.952c23.794 0 43.262 19.468 43.262 43.262v128.446zM1146.476 576.212c0 23.794-19.468 43.262-43.262 43.262h-1059.952c-23.794 0-43.262-19.468-43.262-43.262v-128.446c0-23.794 19.468-43.262 43.262-43.262h1059.952c23.794 0 43.262 19.468 43.262 43.262v128.446zM1146.476 980.738c0 23.794-19.468 43.262-43.262 43.262h-1059.952c-23.794 0-43.262-19.468-43.262-43.262v-128.446c0-23.794 19.468-43.262 43.262-43.262h1059.952c23.794 0 43.262 19.468 43.262 43.262v128.446z"
				],
				"attrs": [
					{}
				],
				"width": 1146,
				"defaultCode": 58894,
				"grid": 0
			},
			"attrs": [
				{}
			],
			"properties": {
				"id": 14,
				"order": 46,
				"prevSize": 32,
				"code": 58897,
				"name": "menu"
			},
			"setIdx": 0,
			"iconIdx": 18
		},
		{
			"icon": {
				"paths": [
					"M1197.2 1024h-1014.188c-100.918 0-182.996-82.106-182.996-182.98v-658.038c0-100.876 82.078-182.98 182.996-182.98h1014.188c100.96 0 183.022 82.106 183.022 182.98v658.052c0 100.86-82.064 182.966-183.022 182.966zM183.008 166.336c-9.028 0-16.646 7.616-16.646 16.644v658.052c0 9.028 7.616 16.63 16.646 16.63h1014.188c9.028 0 16.632-7.616 16.632-16.63v-658.052c0-9.028-7.616-16.644-16.632-16.644h-1014.188zM690.096 595.188c-15.178 0-30.342-4.11-43.77-12.424l-606.914-375.732c-39.062-24.15-51.122-75.426-26.946-114.486 24.15-39.062 75.398-51.136 114.514-26.944l561.006 347.278 507.702-345.322c37.958-25.884 89.71-15.974 115.55 21.982 25.84 37.958 16.016 89.71-22.026 115.55l-552.326 375.732c-14.086 9.544-30.412 14.366-46.79 14.366z"
				],
				"attrs": [
					{}
				],
				"width": 1380,
				"defaultCode": 58895,
				"grid": 0
			},
			"attrs": [
				{}
			],
			"properties": {
				"id": 15,
				"order": 47,
				"prevSize": 32,
				"code": 58898,
				"name": "mail"
			},
			"setIdx": 0,
			"iconIdx": 19
		},
		{
			"icon": {
				"paths": [
					"M575.87 1024h-191.87v-512h-128v-176.45l128-0.058-0.208-103.952c0-143.952 39.034-231.54 208.598-231.54h141.176v176.484h-88.23c-66.032 0-69.206 24.656-69.206 70.684l-0.262 88.324h158.69l-18.704 176.45-139.854 0.058-0.13 512z"
				],
				"attrs": [
					{}
				],
				"defaultCode": 58896,
				"grid": 0
			},
			"attrs": [
				{}
			],
			"properties": {
				"id": 16,
				"order": 48,
				"prevSize": 32,
				"code": 58899,
				"name": "facebook"
			},
			"setIdx": 0,
			"iconIdx": 20
		},
		{
			"icon": {
				"paths": [
					"M1024 194.418c-37.676 16.708-78.164 28.002-120.66 33.080 43.372-26 76.686-67.17 92.372-116.23-40.596 24.078-85.556 41.56-133.41 50.98-38.32-40.83-92.922-66.34-153.346-66.34-116.022 0-210.088 94.058-210.088 210.078 0 16.466 1.858 32.5 5.44 47.878-174.6-8.764-329.402-92.4-433.018-219.506-18.084 31.028-28.446 67.116-28.446 105.618 0 72.888 37.088 137.192 93.46 174.866-34.438-1.092-66.832-10.542-95.154-26.278-0.020 0.876-0.020 1.756-0.020 2.642 0 101.788 72.418 186.696 168.522 206-17.626 4.8-36.188 7.372-55.348 7.372-13.538 0-26.698-1.32-39.528-3.772 26.736 83.46 104.32 144.206 196.252 145.896-71.9 56.35-162.486 89.934-260.916 89.934-16.958 0-33.68-0.994-50.116-2.94 92.972 59.61 203.402 94.394 322.042 94.394 386.422 0 597.736-320.124 597.736-597.744 0-9.108-0.206-18.168-0.61-27.18 41.056-29.62 76.672-66.62 104.836-108.748z"
				],
				"attrs": [
					{}
				],
				"defaultCode": 58897,
				"grid": 0
			},
			"attrs": [
				{}
			],
			"properties": {
				"id": 17,
				"order": 49,
				"prevSize": 32,
				"code": 58900,
				"name": "twitter"
			},
			"setIdx": 0,
			"iconIdx": 21
		}
	],
	"height": 1024,
	"metadata": {
		"name": "sfotipy"
	},
	"preferences": {
		"showGlyphs": true,
		"showQuickUse": true,
		"showQuickUse2": true,
		"showSVGs": true,
		"fontPref": {
			"prefix": "icon-",
			"metadata": {
				"fontFamily": "sfotipy",
				"majorVersion": 1,
				"minorVersion": 0
			},
			"metrics": {
				"emSize": 1024,
				"baseline": 6.25,
				"whitespace": 50
			},
			"resetPoint": 58880
		},
		"imagePref": {
			"prefix": "icon-",
			"png": true,
			"useClassSelector": true
		},
		"historySize": 100,
		"showCodes": true,
		"search": "",
		"gridSize": 16,
		"showGrid": false
	}
}